feature,max_abs_class_mean_contrast
practice_x_human,2.2392850791064376
short_x_human,2.073633545393154
practice_x_short,2.0169375329441306
practice_x_consequential,1.9208767492880023
biomotion_x_short,1.8718846647473801
body_x_short,1.8530639094868815
short_x_self,1.852824051446329
practice_x_caused,1.8153699046719987
practice_x_self,1.7831433931575014
path_x_cognition,1.7674590990888241
path_x_self,1.7416036322859656
near_x_short,1.6930955348921812
path_x_human,1.6657291188901366
practice_x_duration,1.6630046825780394
biomotion_x_practice,1.6463586333396656
duration_x_self,1.6414666607478698
practice_x_cognition,1.6023979366907637
slow_x_self,1.596128305626731
away_x_human,1.5896866150832265
duration_x_human,1.5815496707760237
practice_x_drive,1.5643174201572365
human_x_self,1.5559686067933847
slow_x_short,1.5535054263210752
biomotion_x_duration,1.5456838809429325
practice_x_arousal,1.5308609082259403
body_x_practice,1.5042374689478712
toward_x_human,1.4886920070110605
fast_x_self,1.46578209165481
practice_x_path,1.4648950038017734
body_x_path,1.4605141342515862
away_x_self,1.420296690813658
landmark_x_self,1.4196500808981591
near_x_duration,1.4108346727688694
path_x_short,1.404337976421511
near_x_human,1.3996867885238473
practice_x_social,1.3903417100031075
practice_x_surprised,1.376908184136107
path_x_drive,1.3756835344946408
near_x_caused,1.375065286492344
body_x_duration,1.3735198519363587
path_x_communication,1.3665385156056717
biomotion_x_self,1.3557502193868352
near_x_consequential,1.3483993418440923
slow_x_practice,1.3443747014868805
practice_x_long,1.3436898449542034
landmark_x_human,1.334361551348483
toward_x_self,1.326254173523896
lowerlimb_x_short,1.3164706069146153
touch_x_human,1.3044404224473996
upperlimb_x_self,1.303611855534038
biomotion_x_path,1.2900536566352145
path_x_near,1.2819720020258236
fast_x_cognition,1.27320150251275
complexity_x_self,1.2725935136107949
upperlimb_x_path,1.258815929882855
slow_x_human,1.2534597416018622
body_x_landmark,1.251323823882461
self,1.2462711869529013
landmark_x_short,1.2349716365755952
biomotion_x_landmark,1.2218466230407348
slow_x_consequential,1.2210660603032777
path_x_social,1.2182640869706214
body_x_away,1.2044360394085432
time_x_self,1.2031878476355282
motion_x_self,1.20303258537968
self_sq,1.2025733526043216
consequential_x_self,1.1959973506570345
scene_x_self,1.1938036530412444
slow_x_drive,1.1928779477002724
body_x_self,1.1916538029920531
path_x_consequential,1.186999478839156
upperlimb_x_short,1.1768937467783043
slow_x_caused,1.171265846171992
away_x_cognition,1.1569894311424964
path_x_caused,1.1538153147029346
practice_x_attention,1.1509475563053981
near_x_cognition,1.1471595718186887
touch_x_short,1.139302788488179
practice_x_sad,1.1369011925887853
body_x_toward,1.1327039223504616
face_x_practice,1.118862008138711
path,1.1085941491683164
biomotion_x_away,1.1071414999762463
short,1.1045657836913545
fast_x_human,1.0990196230506781
path_x_duration,1.0988385895206094
slow_x_cognition,1.0982463685198651
consequential_x_human,1.0893017478350167
path_sq,1.086287703202239
away_x_short,1.0852927623845152
practice_x_time,1.0796250559431793
away_x_drive,1.0758614714241712
time_x_human,1.0712470292682605
away_x_consequential,1.0702521597500942
caused_x_self,1.0664014878975698
upperlimb_x_human,1.066364130413664
caused_x_human,1.0616214825516261
long_x_human,1.0507565910046028
lowerlimb_x_self,1.0505875504384816
self_x_arousal,1.0435701556458665
biomotion_x_time,1.0424581830122102
human_x_cognition,1.038551668715457
near_x_self,1.0378061937343874
touch_x_consequential,1.034825250916222
slow_x_duration,1.0330979720979514
touch_x_cognition,1.0322082026923751
practice_x_unpleasant,1.0313130489294067
fast_x_practice,1.0278800987948549
near_x_arousal,1.027176255709356
biomotion_x_caused,1.0230651220704798
upperlimb_x_consequential,1.022570816565532
human,1.0223221215803022
slow_x_path,1.02208536739107
path_x_arousal,1.0219017410909874
biomotion_x_consequential,1.0213307196250978
short_x_benefit,1.0181436563804713
lowerlimb_x_consequential,1.0169854376528982
practice_x_communication,1.0156138153657879
practice_x_away,1.0146125144762859
landmark_x_path,1.0112227937153504
head_x_path,1.007850342641919
biomotion_x_cognition,1.0023431537184404
toward_x_cognition,0.9978656068092392
path_x_benefit,0.992450168399865
biomotion_x_toward,0.992255627198706
human_x_arousal,0.9920278647543392
practice_x_angry,0.9920057807079387
social_x_self,0.9910592766762455
fast_x_body,0.9892981669871947
face_x_short,0.9886317057388581
touch_x_caused,0.9879990299985368
lowerlimb_x_path,0.9829323900624355
practice,0.982432960401006
toward_x_short,0.9813352019150261
path_x_toward,0.9783170643547906
body_x_time,0.9761167031285939
complexity_x_short,0.9752766049869664
human_x_communication,0.972056880568728
slow_x_upperlimb,0.9677308366023172
slow_x_body,0.9667022422415119
practice_sq,0.9616918549151541
upperlimb_x_duration,0.9603508193357849
short_x_consequential,0.9601555242513592
away_x_caused,0.9527490010111374
path_x_away,0.9514095675428602
motion_x_practice,0.9494479380238836
slow_x_social,0.9492651379456131
practice_x_fearful,0.9483431626896544
path_x_pleasant,0.9460666972510944
upperlimb_x_caused,0.9449198234059206
touch_x_duration,0.9433217274203355
self_x_pleasant,0.9420024450931155
touch_x_self,0.933039659290922
temperature_x_human,0.9313880715642742
self_x_attention,0.9287859796809634
self_x_drive,0.9286227728510563
lowerlimb_x_caused,0.9267462828433538
motion_x_cognition,0.925996818745438
self_x_benefit,0.921787904015031
body_x_consequential,0.9205721087556786
biomotion_x_long,0.9200603161950777
biomotion_x_upperlimb,0.9192116552289277
landmark_x_cognition,0.9172126768256958
short_x_drive,0.9148629839225852
communication_x_self,0.9118303846324267
near_x_social,0.9117556932823256
body_x_caused,0.910997420528885
small_x_human,0.9102155220523513
social_x_human,0.907968524536146
path_x_long,0.9058964303463296
benefit,0.9056049698096365
human_x_pleasant,0.9023746851651346
vision_x_self,0.9012545858698207
human_x_drive,0.8994005335551067
lowerlimb_x_duration,0.8992077563703502
speech_x_practice,0.8955614608138224
near_x_drive,0.8941504422043759
landmark_x_toward,0.8925802604275433
slow_x_near,0.8915456662937287
short_x_needs,0.8892742955437589
slow_x_arousal,0.8883824341951251
near_x_surprised,0.8846710041060789
away_x_duration,0.8842078449680374
practice_x_benefit,0.8814444349160797
lowerlimb_x_practice,0.8811724109799625
short_sq,0.8765927455269157
body_x_cognition,0.8757182339595886
touch_x_path,0.8722699751224734
lowerlimb_x_human,0.8705858546645951
body_x_upperlimb,0.8705189423701153
away_x_social,0.8685439933555917
upperlimb_x_cognition,0.8662528040212458
slow_x_communication,0.8654808746203362
lowerlimb_x_drive,0.8610408317088601
motion_x_short,0.8562375617022318
away_x_communication,0.8520140915953937
lowerlimb_x_cognition,0.8517050101513761
fast_x_short,0.8508808749363128
toward_x_duration,0.8493744921430769
biomotion_x_near,0.8488764565678111
slow_x_away,0.8468517771366402
near_x_unpleasant,0.8439579021194348
vision_x_benefit,0.8434259260159124
small_x_self,0.8393633688401653
path_x_happy,0.8379559503124289
long_x_self,0.8377919116513235
fast_x_communication,0.8364963255282244
slow_x_benefit,0.8336431694623155
vision_x_shape,0.829771841318534
upperlimb_x_benefit,0.8284933145343539
away_x_arousal,0.8274964943944744
shape_x_benefit,0.8273401601612439
toward_x_drive,0.8268022627412082
biomotion_x_social,0.8244143686847393
upperlimb_x_long,0.8204358298231816
large_x_self,0.8190626976282154
landmark_x_away,0.8180395672343791
toward_x_consequential,0.8150324141074295
upperlimb_x_landmark,0.8122152337194302
body_x_arousal,0.8084938707732269
path_x_needs,0.808314119508554
biomotion_x_arousal,0.8017465199719935
lowerlimb_x_communication,0.8001506661636931
short_x_cognition,0.7987663117767307
body_x_lowerlimb,0.7980447952135744
biomotion_x_drive,0.7891171934482497
upperlimb_x_scene,0.7888529337848086
biomotion_x_lowerlimb,0.787813611700416
fast_x_near,0.7877047479803325
practice_x_pleasant,0.7868334726834708
body_x_long,0.7842391597772159
color_x_sad,0.7822839272655032
slow_x_toward,0.7822029981824095
fast_x_drive,0.7805879166167059
body_x_touch,0.7745040324157251
touch_x_angry,0.7730036753751283
body_x_near,0.7706450929986066
texture_x_benefit,0.7675593118773751
complexity_x_practice,0.7619307238661027
path_x_time,0.7616429634328964
near_x_angry,0.761445862398063
practice_x_happy,0.7614147732571714
texture_x_human,0.7595489890239753
complexity_x_cognition,0.7590435112778645
weight_x_benefit,0.7583942528850897
vision_x_sad,0.7583483517663083
shape_x_drive,0.7577018934502777
lowerlimb_x_arousal,0.7570311149541715
temperature_x_self,0.7554796225832142
practice_x_toward,0.7539269590344907
slow_x_long,0.752670529774495
upperlimb,0.7473959045144385
away_sq,0.7467659665732015
upperlimb_x_drive,0.7465798367066133
path_x_angry,0.7455396982043426
near,0.7454666109885352
fast_x_upperlimb,0.7449519530439437
fast_x_landmark,0.7442678147883984
human_x_happy,0.7442537468361152
long_x_short,0.7435481374133696
biomotion_x_communication,0.7429934611264984
texture_x_drive,0.7422934313477797
away,0.7404990857601605
slow,0.7400963744021992
toward_x_caused,0.7397795808064026
slow_x_lowerlimb,0.7366170923955778
body,0.7362289812719089
small_x_drive,0.7356214234763949
vision_x_upperlimb,0.7344802521294882
scene_x_short,0.7343089006653654
practice_x_disgusted,0.7339033790715377
motion_x_human,0.7309772380487842
near_x_benefit,0.7304368143887788
near_x_time,0.729517199644796
near_x_long,0.7292673364899674
body_x_drive,0.7285593842209248
complexity_x_human,0.7275912468829057
shape,0.7270383420349205
motion_x_benefit,0.7269374129454002
upperlimb_x_practice,0.7267852671352683
biomotion_x_slow,0.7265608647848364
upperlimb_x_pleasant,0.7263723982961133
vision_sq,0.7244323361667985
human_x_benefit,0.7236443614026326
scene_x_benefit,0.7231383681069845
body_x_social,0.7220132642159315
human_x_needs,0.7208524267416196
dark_x_sad,0.7189747962722984
away_x_angry,0.7170391317176262
short_x_social,0.7169605252179997
self_x_cognition,0.7158567958172481
head_x_self,0.7148959292839204
lowerlimb_x_toward,0.7147458089205554
color_x_angry,0.7122240690085034
biomotion,0.7111211265875128
upperlimb_x_happy,0.7107957266892516
vision_x_color,0.709912020320523
self_x_unpleasant,0.7095860362728632
pattern_x_benefit,0.7091161517824147
lowerlimb_x_landmark,0.7081610085255582
body_x_pleasant,0.7069782863407216
small_x_benefit,0.7050259073354198
short_x_arousal,0.7042953915078718
near_x_pleasant,0.7039577706625003
scene_x_drive,0.7026930474417991
drive,0.7017265068088571
shape_x_scene,0.7010739316982931
near_x_attention,0.700044836310282
scene_x_toward,0.699516727844924
self_x_surprised,0.6992392656757527
away_x_long,0.697797436347028
shape_x_texture,0.6976050879291547
touch_x_drive,0.6974756071879682
toward_x_social,0.6974020155241358
taste_x_human,0.6973897349952942
short_x_communication,0.6966746674907925
shape_x_pleasant,0.6960244624222827
self_x_happy,0.6958930957789771
vision_x_drive,0.6944987585048656
shape_x_happy,0.6944838611933999
small_x_cognition,0.6941770580203169
practice_x_landmark,0.6939423451906392
duration_x_short,0.69355391699883
shape_x_weight,0.6925531399382937
shape_sq,0.691975981165106
lowerlimb_x_long,0.6918605727555908
color,0.690319691559314
toward_x_benefit,0.688733790517675
weight_x_drive,0.687316164334169
motion,0.6872834447836149
human_x_attention,0.6854979815844162
fast_x_duration,0.6839850623430063
pain_x_self,0.6838679865084097
fast_x_slow,0.6835621241517843
biomotion_x_fast,0.6821213983902014
pain_x_practice,0.6814280772366633
small_x_short,0.6802710186692209
slow_x_time,0.6797575608552415
short_x_caused,0.6783934751745884
motion_x_scene,0.677499286245574
texture_x_scene,0.6768362783650911
vision_x_weight,0.6767223118969012
touch_x_social,0.674667168339381
fast_x_consequential,0.6736052621050663
near_x_away,0.6727354404231143
vision_x_texture,0.6723104731667003
small_x_arousal,0.6709831817368068
touch_x_benefit,0.6701678693919402
vision_x_short,0.6690897559978125
scene_x_near,0.6690345290965815
motion_x_path,0.6685665042928397
human_sq,0.6675128534703916
vision_x_near,0.6665583973889201
practice_x_harm,0.6663755487113283
loud_x_self,0.6661986714480993
weight_x_pleasant,0.6659980926733897
motion_x_drive,0.6643088356742984
face_x_self,0.6632838418825
human_x_surprised,0.6632790607219149
fast_x_social,0.6629407265517278
small_x_path,0.6626972204610959
speech_x_short,0.6610475102769126
lowerlimb_x_time,0.6609247687271514
pattern_x_human,0.6608070441032082
shape_x_arousal,0.660680299591975
near_x_happy,0.6603002815715561
vision_x_toward,0.6591705533412522
lowerlimb_x_away,0.6567359425573113
color_x_shape,0.6563754196543435
short_x_pleasant,0.6554690528481534
color_x_scene,0.6554086088919598
large_x_small,0.6550787764474706
near_x_sad,0.6545617757817617
texture_x_weight,0.6529270977033877
biomotion_x_touch,0.652694564957445
near_x_fearful,0.6518952876634152
fast_x_caused,0.6501614685662425
motion_x_pleasant,0.6499057972146496
weight_x_happy,0.6497435382710074
away_x_benefit,0.6496382630596274
motion_x_body,0.6493833517909545
toward_x_long,0.6484008069792749
small_x_long,0.6474463201570613
lowerlimb,0.647432933613235
benefit_sq,0.6473175910501107
head_x_benefit,0.6464922243670145
pattern_x_drive,0.6442818629198878
path_x_attention,0.6439808400865245
vision_x_motion,0.6436958917940138
toward_x_away,0.6433455421743498
texture,0.6418371424895063
small_x_duration,0.6415395299860862
lowerlimb_x_social,0.6408710127310353
pattern_x_shape,0.6405936121825268
texture_x_short,0.6401915667649799
weight_x_upperlimb,0.6395625135363101
shape_x_upperlimb,0.6393035344864991
scene_x_human,0.6380951180468031
toward_x_communication,0.6379156230808067
small_x_scene,0.6369060966474361
self_x_needs,0.6359623552903616
fast_x_path,0.634841799483755
shape_x_complexity,0.6343914304643816
lowerlimb_x_unpleasant,0.6342697783396521
color_x_complexity,0.6335963833493983
consequential_x_benefit,0.6308976427822407
path_x_scene,0.6299942430382273
vision_x_pattern,0.6299073966670979
texture_x_consequential,0.6298321074171376
upperlimb_x_away,0.6297172495747853
lowerlimb_x_surprised,0.6288183263424308
toward,0.626971171147098
motion_x_upperlimb,0.6269419918060717
slow_x_landmark,0.6269080313483414
texture_x_arousal,0.62657828002055
motion_sq,0.6256131807643803
shape_x_social,0.6251638204148411
upperlimb_x_social,0.6247885558090913
weight_x_scene,0.6230862464752387
small_x_social,0.6228732423675515
duration_x_cognition,0.6224748165906566
shape_x_toward,0.622267808257729
sound_x_self,0.6210528809587076
benefit_x_attention,0.6198485599303318
lowerlimb_sq,0.6196851244902466
bright_x_shape,0.6190831149444276
weight_x_arousal,0.6184373115210804
color_x_weight,0.6183692113269795
temperature_x_benefit,0.6170773507621214
upperlimb_x_arousal,0.6164577840775145
toward_x_arousal,0.6152951328463749
shape_x_consequential,0.6150586612921889
bright_x_upperlimb,0.6147383228825106
complexity_x_upperlimb,0.6146650058953819
away_x_pleasant,0.6142970123202479
body_x_happy,0.6142377582884919
biomotion_x_pleasant,0.6117602395753811
landmark_x_drive,0.610660606474652
texture_x_toward,0.6100626572197494
motion_x_texture,0.6094202180963586
small_x_consequential,0.6094163779690774
path_x_surprised,0.6081250020149835
small_x_happy,0.6075496923940568
taste_x_sad,0.6065956922236465
texture_x_social,0.6065484598952748
upperlimb_x_lowerlimb,0.6057874363114661
complexity_x_near,0.6056864105068649
motion_x_shape,0.6055502767705476
toward_x_pleasant,0.6048664753188179
pattern_x_weight,0.6046996606521563
motion_x_happy,0.6039096951561863
pattern_x_toward,0.6037729920791658
upperlimb_x_attention,0.6026282860681088
motion_x_attention,0.6022948261063021
long_x_benefit,0.6021992688087001
landmark_x_consequential,0.6020045823307963
texture_x_happy,0.6018315463291941
texture_x_upperlimb,0.6015469224311608
weight_x_self,0.6011058307254378
duration_x_benefit,0.6009325431559205
color_x_benefit,0.6009305620287487
color_x_upperlimb,0.6006730001382681
fast_x_lowerlimb,0.6000243307962229
vision_x_cognition,0.5995678649354783
slow_x_needs,0.5979852585041333
weight_x_near,0.5977607244110605
touch_x_scene,0.5976406157557465
self_x_harm,0.5973714474831789
texture_x_near,0.596967654798882
shape_x_touch,0.5969043895603945
small_x_attention,0.5967821752096547
small_x_pleasant,0.5966131054737928
body_x_temperature,0.594189443796554
texture_x_pleasant,0.5936383577333265
sound_x_benefit,0.5918644293997247
body_x_communication,0.5911734162995942
small_x_upperlimb,0.5908508241184021
shape_x_near,0.5899933647211301
away_x_happy,0.5897028399090073
dark_x_angry,0.5895722998610228
shape_x_temperature,0.5892975562902033
texture_x_attention,0.5891784298921382
consequential,0.5890456048842949
dark_x_human,0.5885296125148319
pattern_x_upperlimb,0.5884218470560386
motion_x_arousal,0.5879783535428124
complexity_x_consequential,0.5866529313923725
upperlimb_sq,0.5860974000815651
scene_x_consequential,0.5848407141467528
pattern_x_near,0.5847979355454356
biomotion_x_benefit,0.5842364059987459
shape_x_attention,0.5832750383272296
duration_x_drive,0.5832550238274254
long_x_drive,0.5831660037936169
small_x_caused,0.5821999902417964
fast_x_long,0.5820487338364966
motion_x_touch,0.5817701243678115
duration_x_consequential,0.5811689020615955
audition_x_self,0.5791066243671332
pattern_x_motion,0.5774496671183857
benefit_x_drive,0.5773769996405007
large_x_benefit,0.5772620444129852
human_x_unpleasant,0.5768198638656672
weight_x_toward,0.5751767504276255
texture_x_self,0.5747908389144847
touch_x_toward,0.5742324936599983
fast_x_scene,0.5742005681052333
complexity_x_texture,0.5741915688008246
benefit_x_harm,0.5740085559043069
benefit_x_surprised,0.573834478991011
taste_x_self,0.57321356177396
benefit_x_arousal,0.5729094902691109
landmark_x_communication,0.5716477469694703
small,0.5714843229664702
motion_x_complexity,0.5712030226205537
vision_x_bright,0.5711315358481279
large_x_upperlimb,0.5703863087408271
bright_x_weight,0.5699808947632029
scene_x_arousal,0.5691496788863284
face_x_duration,0.5689012562837097
face_x_toward,0.568769340430249
color_x_near,0.5685853033339818
motion_x_consequential,0.5683414538758745
texture_x_away,0.5678625062546412
large_x_drive,0.5677542103345269
color_x_attention,0.567201178485616
self_x_fearful,0.5662189465846662
complexity_x_benefit,0.5661518227896878
scene_x_attention,0.5660690818618372
slow_x_pleasant,0.5658480595719434
pattern_x_texture,0.565208734749967
head_x_scene,0.5650917115066798
toward_x_happy,0.5647269085970997
color_x_texture,0.5642789120053632
harm_x_pleasant,0.5637662711506325
fast,0.5625186666239383
small_x_texture,0.5624480845072832
vision_x_happy,0.5621738919161898
motion_x_toward,0.561659768399536
fast_x_away,0.5613973632029644
toward_x_time,0.5605988887148852
vision_x_fast,0.5605755688168205
texture_sq,0.5604863219237559
scene_x_surprised,0.5590914124957788
fast_x_pleasant,0.5590806949158416
complexity_x_path,0.5585651145547269
consequential_x_drive,0.5584764754517493
path_x_unpleasant,0.55844485087478
practice_x_near,0.5578009863117811
short_x_attention,0.5575238779963373
color_x_pleasant,0.5574073742813869
vision_x_pleasant,0.5573917871237255
sound_x_drive,0.5571930373455952
upperlimb_x_near,0.5570852970621465
bright_x_near,0.5570296752075038
scene_x_away,0.5568799534032972
path_x_disgusted,0.5567180879992525
small_x_time,0.5546379892407318
audition_x_benefit,0.5543588162565348
upperlimb_x_toward,0.5538290606587926
touch_x_happy,0.552493376658373
bright_x_human,0.5524276475906188
away_x_unpleasant,0.5520726799309633
color_x_drive,0.5515496483200917
touch_x_near,0.5493501641437691
large_x_short,0.5485565713748034
motion_x_sound,0.548534101460898
away_x_time,0.5484449858709973
motion_x_near,0.5484018590973974
color_x_pattern,0.5478611680438037
temperature_x_upperlimb,0.5478502876662608
vision,0.5477395810364989
motion_x_audition,0.5474197770788366
loud_x_scene,0.5469520121101578
short_x_happy,0.5462155045686262
texture_x_practice,0.5461917165452288
long_x_surprised,0.545824566378509
color_x_happy,0.545687298770858
harm_x_happy,0.5456852267725811
weight_x_social,0.5454102389033748
motion_x_weight,0.545173012916081
temperature_x_weight,0.5448489862377017
large_x_pleasant,0.5448376407550515
touch_x_weight,0.5447391287633404
surprised_x_drive,0.542461093337221
motion_x_fast,0.5421957600813486
bright_x_face,0.5413523996737968
bright_x_texture,0.5411472052396084
scene_x_pleasant,0.5407790392167405
fast_x_benefit,0.5400457811880579
bright,0.5399277339137527
near_x_toward,0.5399224444577431
away_x_attention,0.5396480283965525
motion_x_away,0.5386785379910541
sound_x_scene,0.5385510061616569
fast_x_touch,0.5378449119722589
touch_x_upperlimb,0.5376495989511769
low_x_self,0.5375895690955431
weight_x_consequential,0.537538530613299
weight_x_attention,0.5372421062782515
color_sq,0.5372289522616555
pattern_x_short,0.5371129373652568
small_x_body,0.5370799580012088
large_x_near,0.5365951526469414
benefit_x_pleasant,0.5357880859855855
benefit_x_needs,0.5356220297779204
drive_x_attention,0.534480162886833
head,0.5338429715550377
texture_x_path,0.5329861982325351
audition_x_scene,0.5319648404037342
large_x_scene,0.531953489473075
vision_x_touch,0.5317842920769352
motion_x_lowerlimb,0.5312719170043377
duration,0.5311905843283954
caused_x_drive,0.5310467484921725
pattern_x_temperature,0.5306744150056824
upperlimb_x_unpleasant,0.530298207274052
touch_x_pleasant,0.5300523654598001
large_x_texture,0.5296160897867617
motion_x_biomotion,0.5294291423450128
slow_x_angry,0.5293669006568417
lowerlimb_x_angry,0.5292312211369818
pattern_x_away,0.5291113697874792
motion_x_duration,0.528620267041299
small_x_temperature,0.5283254241460874
body_x_attention,0.5277693044688943
consequential_x_pleasant,0.5274031584080943
body_x_benefit,0.5271982666211795
scene,0.5270390618227249
color_x_temperature,0.5269500010607919
weight_sq,0.5269376860098501
color_x_touch,0.5267465457477813
complexity_x_toward,0.5265723527699464
practice_x_needs,0.5264224605303527
touch_x_unpleasant,0.5261003373763576
small_x_touch,0.5257812483189116
large_x_arousal,0.5252169736448475
small_x_near,0.5249200184279401
duration_x_needs,0.524775125738044
touch_x_arousal,0.524633822580274
pattern_x_arousal,0.5245235643409181
temperature_x_near,0.5244691456569696
fast_x_texture,0.5242105048342145
touch_x_time,0.5236666201560067
lowerlimb_x_benefit,0.5231540329330941
body_x_scene,0.52283209365553
loud_x_benefit,0.522808821772682
temperature_x_texture,0.5226923908516697
head_x_pleasant,0.5225396409913973
pattern_x_cognition,0.5220419113832159
pattern_x_happy,0.5217701847925217
slow_x_happy,0.5217181676663931
bright_x_pattern,0.5215892445358578
vision_x_smell,0.5209031089529331
color_x_caused,0.5208425185006489
pattern_x_consequential,0.5197341283641406
near_sq,0.5194114346464694
fast_x_happy,0.5193090816892105
small_x_toward,0.5192872217154698
drive_sq,0.518872400753211
large_x_happy,0.5186632501386559
social_x_benefit,0.5186300201535917
scene_x_happy,0.5182382312515185
lowerlimb_x_near,0.518181945362934
fast_x_shape,0.518014177383174
near_x_disgusted,0.5171140284290242
lowerlimb_x_attention,0.5166983120867674
vision_x_path,0.5165808519749172
pattern_x_social,0.5165764635299308
pattern_x_path,0.5153363942274057
biomotion_x_human,0.5152170186321794
pattern_x_small,0.5151456753919177
biomotion_x_happy,0.5150595019387145
shape_x_short,0.5143837445767746
head_x_happy,0.5143212472177024
vision_x_small,0.514246574381425
away_x_surprised,0.514020699816707
pattern_x_scene,0.5133704639609639
texture_x_surprised,0.5129578401602388
shape_x_smell,0.5124269286588765
vision_x_scene,0.5121736863727128
upperlimb_x_time,0.5114693720065092
pain_x_human,0.5112251324290907
long_x_arousal,0.5106052690962406
large_x_touch,0.5098360781671298
lowerlimb_x_pleasant,0.5097667506470092
pattern_x_fast,0.5096437769676477
bright_x_scene,0.5095917106164198
temperature_x_happy,0.5095255462235824
weight,0.5086742498801159
weight_x_short,0.5085337944698187
face_x_away,0.5079613594609207
motion_x_surprised,0.5074491972104892
motion_x_caused,0.5073688310798857
small_x_surprised,0.50702713115843
bright_x_color,0.5068536580330361
upperlimb_x_needs,0.5064802879719349
sound_x_near,0.5064427280622329
color_x_large,0.5064386351066228
caused_x_benefit,0.5063318758212612
vision_x_sound,0.5051570709776791
bright_x_toward,0.505093205763678
shape_x_surprised,0.5049234117080506
loud_x_near,0.5046625277818884
shape_x_needs,0.5045155188873514
landmark_x_benefit,0.5044850658914248
dark_x_self,0.5043171716583874
pain_x_lowerlimb,0.5031561815885915
loud,0.5029530481568053
large_x_human,0.5028061303158102
motion_x_social,0.5023175493398782
audition_x_drive,0.5020547406002902
slow_x_sad,0.5014148226740918
pleasant,0.5010741779714265
upperlimb_x_surprised,0.5010618629713622
large_x_social,0.5003474731048053
scene_sq,0.4996143300207109
large_x_motion,0.49945903213776205
motion_x_loud,0.49934852573845906
audition_x_attention,0.4985340698135589
duration_x_communication,0.4981473956753564
toward_x_attention,0.49789751090254303
body_x_surprised,0.4975797850901856
short_x_angry,0.4974075085060728
touch_x_surprised,0.4972807906558587
vision_x_temperature,0.4971534105720046
fast_x_complexity,0.4971203141685414
large_x_consequential,0.4970827482887522
smell_x_benefit,0.4968272780894676
motion_x_landmark,0.49614018133038174
vision_x_loud,0.49607865967548886
audition_sq,0.49584726379031624
benefit_x_disgusted,0.49576007744032713
shape_x_sound,0.4956317175804616
pattern_x_pleasant,0.495372044019358
small_x_practice,0.4952574152145399
landmark_x_arousal,0.49492654582413115
small_x_away,0.4945381474918336
dark_x_benefit,0.4942528365455585
surprised,0.49351765473266146
vision_x_away,0.4934766798372703
landmark_x_caused,0.49334265119041937
motion_x_slow,0.49293498500194743
head_x_drive,0.4926436158030629
shape_x_away,0.4923935134774792
color_x_sound,0.4922199696621564
texture_x_needs,0.4921319077225333
pattern_x_loud,0.4918842452061471
long_x_happy,0.4918832058221989
audition_x_near,0.49153054976307026
color_x_arousal,0.4913462725365657
color_x_short,0.4910415215728907
slow_x_scene,0.4903861559644566
touch_x_long,0.49023578332593226
high_x_self,0.490220370809457
long_x_attention,0.489283370471759
time_x_benefit,0.4883260749971459
texture_x_cognition,0.48823311525672813
long_x_pleasant,0.4878261861574909
small_x_complexity,0.4869962876990274
weight_x_needs,0.4868559265339197
shape_x_head,0.486781901320889
head_x_upperlimb,0.4867260921252658
color_x_small,0.48668103592331774
vision_x_head,0.48646152196658465
color_x_motion,0.48633421156373174
slow_x_surprised,0.4858803859419263
touch_x_texture,0.4858790241737695
fast_x_arousal,0.4857856759451445
color_x_toward,0.4854800257906091
duration_x_arousal,0.48500996226397186
pattern_x_large,0.4847021659981745
happy,0.48466385521507366
head_sq,0.484383516951864
slow_x_attention,0.4836119853394618
shape_x_audition,0.4830261440784711
unpleasant_x_happy,0.48296072140514784
temperature_x_pleasant,0.482401225185505
sound_x_attention,0.48191910071949645
short_x_surprised,0.48171267267418016
weight_x_away,0.48167204017903126
small_x_needs,0.48156547190515286
near_x_needs,0.4814084697548716
sound_x_toward,0.48113655828548485
smell_x_upperlimb,0.4810275651886586
small_x_shape,0.4808431923623326
fast_x_toward,0.4806539337753653
loud_x_long,0.4802991410250598
dark_x_shape,0.4801622398937017
color_x_path,0.4797786035597194
smell_x_near,0.47946127031222224
sound_x_arousal,0.47941081547689735
audition_x_sound,0.4792288880997668
texture_x_time,0.4791029250533087
touch_x_away,0.47871737943191217
temperature_x_sad,0.47856890744228303
temperature_x_drive,0.47807398322853395
landmark_x_near,0.4779282550901599
slow_x_texture,0.4776835261993012
consequential_x_surprised,0.4775489403147111
motion_x_long,0.4770057175922187
loud_x_sound,0.4766310293539446
near_x_harm,0.476346340876203
lowerlimb_x_happy,0.4761151992513455
dark_x_upperlimb,0.47610320580601717
complexity_x_caused,0.4760589457430055
motion_x_head,0.475987039581249
pleasant_x_drive,0.47522804236989236
complexity_x_body,0.47512376421944796
biomotion_sq,0.4751168869892022
landmark_x_duration,0.47490183582885287
caused_x_consequential,0.4742229393700076
sound_sq,0.4738746022007719
head_x_long,0.4734653715062152
shape_x_loud,0.4732638492814166
pain_x_path,0.4731122435849826
bright_x_small,0.47268952549591847
large,0.4725926537091821
pattern_x_touch,0.4725469756077838
audition_x_loud,0.4723800388202684
audition_x_toward,0.47230320715951407
fast_x_attention,0.47188217991439674
slow_sq,0.4716915434128165
slow_x_touch,0.4715608927914791
vision_x_human,0.47122738034065614
speech_x_path,0.4712013412498822
weight_x_human,0.4707621978270314
touch_x_sad,0.4705669590178146
weight_x_smell,0.4701582645167455
toward_sq,0.4700656785788092
dark_x_face,0.4692880235670131
loud_x_pleasant,0.46888597042099656
biomotion_x_needs,0.4681121261899435
pain_x_happy,0.4680758956154067
biomotion_x_scene,0.46792324616877956
shape_x_practice,0.4676684843786594
landmark_x_attention,0.46721612060764
color_x_audition,0.4671574159330699
small_x_motion,0.4671299834534014
pattern_x_smell,0.4670570520762125
duration_x_social,0.46698660900184624
bright_x_touch,0.4669022474790689
biomotion_x_body,0.46630394196325947
audition_x_away,0.466229509164003
face_x_path,0.46616106154447373
drive_x_arousal,0.4661191298252766
near_x_communication,0.4652766623360804
motion_x_needs,0.4648468348789712
fast_x_sound,0.4646935981570091
lowerlimb_x_scene,0.46460196471560605
scene_x_social,0.4641685405135224
short_x_harm,0.46398984699684187
weight_x_surprised,0.46391760082021316
fast_x_weight,0.46368173313240657
sound_x_away,0.46367589258187814
audition_x_arousal,0.46328396088398255
large_x_head,0.462834609858321
weight_x_head,0.4619679221471524
large_x_shape,0.46126579000760004
touch_x_attention,0.46117368027813865
fast_x_audition,0.4610730831478843
audition_x_short,0.46093506273636314
color_x_face,0.46090674656521696
complexity_x_weight,0.4606874290241227
vision_x_complexity,0.46065030816657315
consequential_x_happy,0.46029347873355025
fast_x_angry,0.45963499364400784
long_x_social,0.4594975618259861
color_x_needs,0.4591471979955199
bright_x_dark,0.45797688853466445
vision_x_large,0.4573664211569168
touch_x_landmark,0.45707576814980966
temperature_x_toward,0.45703093546045814
biomotion_x_shape,0.45690280257544513
texture_x_harm,0.4568546954136385
bright_x_complexity,0.45684985587230503
speech_x_away,0.4566340815792619
benefit_x_unpleasant,0.45532463146954033
head_x_short,0.45498774173971607
color_x_smell,0.45477036108127455
complexity_x_sad,0.4543303970696654
color_x_away,0.45432570426834
high_x_benefit,0.4542353922896159
weight_x_path,0.4542053822406346
head_x_landmark,0.4539318506240584
audition_x_surprised,0.4537634943015033
smell,0.4537113041375215
landmark,0.4535468278485078
sound_x_consequential,0.4533808442681591
social_x_surprised,0.45337054438957947
social_x_drive,0.4533191858106427
head_x_near,0.45305398814359893
complexity_x_communication,0.4523273278453864
pattern_x_attention,0.45211852973373495
large_x_sound,0.4520597335852916
duration_x_surprised,0.45193427008937986
complexity_x_drive,0.45092208084483404
smell_x_scene,0.4507500283186815
biomotion_x_surprised,0.44989945206434945
pattern,0.4495896874306647
loud_x_happy,0.4490748054965853
pattern_sq,0.44906367569975153
large_x_biomotion,0.44895005115816516
pattern_x_complexity,0.4486522396034352
audition_x_consequential,0.44858935085971796
audition_x_upperlimb,0.44816797672527336
texture_x_smell,0.44814159340493964
low_x_benefit,0.44814136959738304
motion_x_low,0.447871568102483
music_x_self,0.44745735876130127
surprised_x_arousal,0.44745105627741455
high_x_long,0.44722608334421565
bright_x_benefit,0.44684780169444677
loud_x_away,0.4466977018219768
caused_x_surprised,0.4464766472602246
path_x_sad,0.4460409922628186
biomotion_x_attention,0.4456790813128584
surprised_sq,0.4455670711777048
vision_x_audition,0.44546267548252383
audition,0.4454004237066262
texture_x_loud,0.4453947666122751
landmark_x_social,0.4451700147756828
weight_x_practice,0.4449730320531749
vision_x_disgusted,0.4448554015336332
happy_x_disgusted,0.4444924958014386
sound_x_upperlimb,0.44378924281986654
taste_x_cognition,0.4435440780666779
away_x_sad,0.44344477982521824
sound_x_happy,0.4433089533538692
scene_x_duration,0.44312024098114616
loud_x_attention,0.4428248325719914
touch_x_loud,0.442793788062755
bright_x_lowerlimb,0.4426239136387146
loud_x_drive,0.4425900272309357
landmark_x_surprised,0.4424365681876347
body_x_taste,0.44239360411740747
small_x_loud,0.44234585879397925
landmark_x_pleasant,0.44233829497630645
vision_x_number,0.44154460801096973
color_x_harm,0.4413213121998277
low_x_drive,0.4412403252887749
smell_x_pleasant,0.44120473186703285
scene_x_needs,0.441164517374581
scene_x_long,0.4409979443175887
surprised_x_attention,0.44092859532820383
landmark_x_happy,0.4409183480252228
small_x_harm,0.4406102802061403
upperlimb_x_angry,0.44045691134064563
upperlimb_x_number,0.44035563101763214
touch_x_practice,0.4402042046854677
motion_x_smell,0.440197942502693
fast_sq,0.4400556166213582
complexity_x_loud,0.439874841743966
smell_x_path,0.43975020577417856
texture_x_landmark,0.4395960568844331
high_x_drive,0.43910574179449696
face_x_landmark,0.43859035216177483
benefit_x_fearful,0.43803178577771773
large_x_attention,0.437907079443527
consequential_x_attention,0.43764127805878006
face_x_taste,0.43746669801728116
small_x_head,0.4374601869736683
large_x_complexity,0.43739422897933333
small_x_landmark,0.43736713911562447
bright_x_motion,0.4372823428472806
dark_x_weight,0.43684149392704097
loud_x_duration,0.43585118066324785
pattern_x_needs,0.43572352328130454
texture_x_long,0.43560904958918306
bright_x_pleasant,0.43560713549129637
vision_x_biomotion,0.4353275597151642
consequential_sq,0.4352818952864167
time_x_short,0.43519031058297825
large_x_audition,0.43501775608618076
taste_x_fearful,0.435016380474954
pattern_x_self,0.4349230711433472
body_x_human,0.4348000996517381
motion_x_high,0.4347030751118707
large_x_needs,0.43463907107681415
texture_x_head,0.4339378402838832
speech_x_self,0.4336591145679351
vision_x_angry,0.432892577021993
head_x_attention,0.43281787527358895
benefit_x_happy,0.4325401580750566
consequential_x_arousal,0.4325000684756304
bright_x_smell,0.43228155217880176
sound_x_pleasant,0.431949023031384
biomotion_x_weight,0.4318316750623721
loud_x_short,0.43144481166598053
vision_x_social,0.43085412526026057
motion_x_temperature,0.4301666124937483
self_x_angry,0.4298638837938885
smell_x_happy,0.4297027186008381
bright_x_large,0.4296142797379422
scene_x_harm,0.4294861044088663
body_x_unpleasant,0.4293663230037136
shape_x_path,0.42920844863793634
sound_x_surprised,0.4292055667181387
complexity_x_away,0.42917308905893536
color_x_practice,0.42913565182242774
weight_x_sound,0.4290477918565462
audition_x_landmark,0.42894236200691727
fast_x_number,0.42892081060266735
weight_x_audition,0.4286084505697583
slow_x_loud,0.4282147590215757
head_x_number,0.42813689258554116
large_x_surprised,0.42782040293514617
practice_x_scene,0.42776244685090303
shape_x_harm,0.42776022981707423
pattern_x_head,0.42755703570052395
large_x_toward,0.42731872112084746
dark_x_texture,0.4267949328465554
dark_x_near,0.4267350023077511
fast_x_needs,0.426307961250919
biomotion_x_texture,0.4262183354453382
bright_x_sound,0.4262034959877934
sound_x_short,0.42597016700446194
high_x_scene,0.42543351091421433
sound_x_social,0.42510982649843776
long_x_consequential,0.4251058068248609
toward_x_angry,0.4249970913861344
consequential_x_communication,0.42404083742878246
toward_x_needs,0.42398442076083775
touch_x_disgusted,0.423798347800468
color_x_social,0.4236821421623538
large_x_body,0.4235254075881575
color_x_number,0.42327858300596394
fast_x_head,0.4227012639339029
audition_x_path,0.4222933146117628
large_x_temperature,0.42224750095247515
pleasant_x_attention,0.4219582106850144
needs_sq,0.4211371225229394
head_x_duration,0.4210539124638707
pleasant_x_surprised,0.42079291038458
small_x_fast,0.42069171379980685
large_x_fast,0.4205886820457375
drive_x_needs,0.4204254267225183
loud_x_toward,0.4203709702286381
scene_x_communication,0.420203055906968
sound_x_path,0.4201387112589491
loud_x_number,0.4201113187196623
complexity_x_scene,0.4201049390607183
sound,0.4200622180617802
smell_x_drive,0.4196910220568276
pattern_x_sound,0.41896152490027866
large_x_smell,0.41871789244875846
landmark_x_scene,0.41864162195900984
temperature_x_disgusted,0.4184604887755341
scene_x_cognition,0.4184333184201433
complexity_x_smell,0.4183930303619954
time_x_drive,0.41823559633002944
sound_x_number,0.4180006014671411
loud_sq,0.4171671113712439
body_x_texture,0.4171494060656442
loud_x_arousal,0.4169429390182442
texture_x_sound,0.4167399877427046
communication_x_benefit,0.4165969096519791
color_x_consequential,0.4156481411964064
away_x_needs,0.4154264740567149
fast_x_time,0.41451270790505074
shape_x_number,0.41435950481782075
weight_x_long,0.4143305780882961
head_x_human,0.4142279526528591
motion_x_communication,0.4139210491835243
vision_x_consequential,0.4133657125384728
pattern_x_surprised,0.41324450768336135
biomotion_x_loud,0.4131333925172705
vision_x_low,0.412894595521096
sad,0.4128422834721292
motion_x_time,0.41280048774864114
audition_x_practice,0.41271954432645025
head_x_caused,0.4122043367900844
small_x_smell,0.4120131585190142
duration_x_happy,0.4119644944222698
biomotion_x_audition,0.4119421729367456
color_x_loud,0.411768440456508
biomotion_x_complexity,0.4115339420838066
touch_x_head,0.41110834833624016
upperlimb_x_communication,0.41103689497394474
music_x_angry,0.4110186615228734
smell_x_attention,0.4109923677492387
pattern_x_caused,0.4108284273970058
pain_x_pleasant,0.41074535634987397
bright_x_happy,0.4105225343484572
duration_x_attention,0.4104431373254908
loud_x_upperlimb,0.4102527102499729
audition_x_high,0.4100645320366659
bright_x_away,0.40998419883997383
touch_x_needs,0.4099832728187133
fast_x_low,0.4096502784694219
needs,0.4092210501019581
path_x_harm,0.40919702388242923
happy_x_attention,0.4080744849120306
head_x_practice,0.407567923704745
smell_x_toward,0.4074778707056261
landmark_x_needs,0.4074435276779739
pleasant_x_needs,0.4072613826974534
head_x_toward,0.4071980539037077
pattern_x_audition,0.4071000375260889
happy_x_drive,0.40651256445201506
fast_x_loud,0.40562936270210326
motion_x_harm,0.4053080303915923
toward_x_surprised,0.40494297767797444
color_x_fast,0.40488746881447807
shape_x_low,0.4048029213476337
vision_x_dark,0.40471124990113183
smell_x_number,0.4045611350305457
body_sq,0.4042876067888602
weight_x_time,0.4041049639571466
body_x_pain,0.40385730219069155
scene_x_time,0.4035964773866309
vision_x_landmark,0.4032384570357995
large_x_away,0.4029572604959648
audition_x_social,0.4028442759133625
human_x_harm,0.4025514418954625
landmark_x_harm,0.40229756842602576
small_x_weight,0.40229635190392316
high_x_sound,0.40216569004865416
benefit_x_sad,0.40204098210241407
shape_x_landmark,0.4019732148019966
pain_x_away,0.4017184815371215
loud_x_path,0.40147105418893914
high_x_attention,0.401259245027392
touch,0.40117057102552656
high_x_toward,0.40109915525795103
slow_x_shape,0.40105363663568183
vision_x_unpleasant,0.4007581009476653
arousal,0.40075075668136234
pattern_x_harm,0.40048281612205794
high_x_arousal,0.4002767310866784
self_x_sad,0.4001654939527299
loud_x_high,0.3997101827773613
temperature_x_path,0.3996067156856868
toward_x_number,0.3988423436514589
color_x_head,0.39844267331546607
dark_x_color,0.3984296736741357
vision_x_arousal,0.3981498854512357
social,0.3979395634771587
self_x_disgusted,0.39789442459517116
complexity_x_sound,0.39788921508143954
high_x_away,0.39779590311162183
biomotion_x_unpleasant,0.3977428170648066
bright_sq,0.3969298685311784
high,0.3965407484807544
complexity_x_touch,0.3963794192048434
slow_x_unpleasant,0.3963231655332839
consequential_x_social,0.3962214858589322
head_x_surprised,0.3959548984999534
pleasant_x_arousal,0.3955669821408422
low_x_arousal,0.39553165500999776
vision_x_needs,0.39537843492046737
loud_x_landmark,0.3951938689696556
dark_x_touch,0.3951699820991509
texture_x_caused,0.3946712679761489
loud_x_consequential,0.3945624629337401
color_x_lowerlimb,0.39448229712611893
caused_x_social,0.39447419463557903
slow_x_high,0.3943598591585179
face_x_near,0.39378930665305356
pain_x_near,0.3933058185159328
dark_x_pattern,0.39328545267246817
high_x_near,0.39253768702808806
low_x_scene,0.392451430171326
happy_x_fearful,0.3923631280202275
pattern_x_practice,0.39224828283139673
complexity_x_landmark,0.3921302850594901
complexity_x_audition,0.39209034926575664
sound_x_lowerlimb,0.39208673716720466
pattern_x_slow,0.3917930657916706
sound_x_landmark,0.3917477740992514
duration_x_pleasant,0.3913684530547082
temperature_x_cognition,0.3913467918499527
head_x_consequential,0.3911757502136139
weight_x_landmark,0.39114055929783104
short_x_unpleasant,0.39111841322587265
weight_x_loud,0.39069913947997276
happy_x_surprised,0.3903828338506362
audition_x_happy,0.3902923083244631
smell_sq,0.38997946727841093
low_x_attention,0.3899243297747873
dark_x_happy,0.3898284024308006
weight_x_number,0.3897155703587268
consequential_x_needs,0.3887237750886201
away_x_harm,0.388608769857195
texture_x_lowerlimb,0.38855149832072094
audition_x_pleasant,0.3885315945324753
high_x_consequential,0.388452604525295
color_x_low,0.38824918114092616
touch_x_lowerlimb,0.38818969247433655
low_x_toward,0.38799595371822987
audition_x_long,0.38780093671132754
bright_x_self,0.38704981953135165
loud_x_practice,0.38692823293448103
low_x_surprised,0.38627200639177495
small_x_biomotion,0.3862058293570367
color_x_surprised,0.3860431521902985
fast_x_surprised,0.3857466968754105
pattern_x_biomotion,0.3855494001813144
texture_x_audition,0.38520750990985286
social_x_attention,0.38495698219744473
audition_x_lowerlimb,0.3849474065451412
large_x_communication,0.38469723505220677
social_x_communication,0.3845365301114005
loud_x_surprised,0.38440394621813
loud_x_social,0.3839915208570584
speech_x_duration,0.383913108166034
complexity_x_duration,0.38361473744482394
long_x_communication,0.38320746906778497
bright_x_head,0.3826772725720038
touch_x_smell,0.38267695379832395
communication_x_cognition,0.3824688015890928
speech_x_taste,0.3818673449406354
time_x_cognition,0.3818287469292773
bright_x_attention,0.38151514657180174
small_x_communication,0.3807199474133837
pleasant_sq,0.38030916815830035
small_x_audition,0.38020465207952553
low_x_near,0.37982363215451365
biomotion_x_sound,0.37979931877122614
loud_x_needs,0.3797360413192359
head_x_social,0.3796679824061706
taste_x_angry,0.3783550653987156
loud_x_low,0.377850396747835
bright_x_temperature,0.37765042866371856
audition_x_duration,0.37731878483856884
slow_x_audition,0.3772008306475712
biomotion_x_pain,0.37709788792540316
slow_x_sound,0.3765468678360795
audition_x_low,0.37598480381591787
loud_x_human,0.3759837503452878
vision_x_high,0.37594790877077444
shape_x_communication,0.3757072064367987
head_x_away,0.37557653008772784
fast_x_smell,0.37493439208014867
low_x_consequential,0.3748841676950423
vision_x_surprised,0.3748066880066658
smell_x_sad,0.3745624794039801
bright_x_audition,0.37444125081789
lowerlimb_x_sad,0.37380286414075
color_x_slow,0.37374815041805254
communication_x_drive,0.37359796341983575
vision_x_lowerlimb,0.3732608604569072
caused_x_arousal,0.3729540966112902
sound_x_needs,0.3728154558724289
benefit_x_angry,0.3728100776748614
texture_x_duration,0.3726403435287819
high_x_social,0.37247265350363007
fast_x_temperature,0.3721601693343576
large_x_path,0.37193730958452276
low_x_sound,0.3717053557984602
attention_x_arousal,0.371142660917792
shape_x_high,0.3706914408214955
small_x_slow,0.37048428822896423
head_x_arousal,0.3700217360803637
loud_x_caused,0.3697946318136128
large_x_landmark,0.36942996044966075
bright_x_number,0.3693789271126704
body_x_needs,0.3693219937085177
low_x_high,0.3689671603035873
high_x_happy,0.36865695185631475
landmark_x_time,0.36862351548333216
bright_x_path,0.36806618453894124
shape_x_human,0.3680067080583898
complexity_x_high,0.36781822389714375
dark_x_small,0.3675914889678779
texture_x_number,0.36728800352330504
temperature_x_number,0.3666918788232891
human_x_angry,0.3665160820079108
bright_x_drive,0.3662545326042524
complexity_x_lowerlimb,0.36545004926098285
communication_x_surprised,0.36440561063828486
happy_x_needs,0.3643187137364062
cognition,0.36431242245134127
caused,0.3640225443701769
texture_x_angry,0.36398194191398703
head_x_needs,0.36394200623198364
away_x_disgusted,0.36374066339633676
landmark_sq,0.36373034031801804
temperature_x_away,0.36370986467997646
audition_x_head,0.3637032864443941
dark_x_path,0.36351046339463877
temperature_x_loud,0.36345100089973964
fast_x_high,0.3632599303217549
pattern_x_landmark,0.36320801153840654
body_x_weight,0.36301788535908364
weight_x_low,0.3625830198529191
complexity_x_head,0.3624673573738412
large_x_high,0.3619153219374022
time_x_surprised,0.36169853353753456
smell_x_head,0.3616426631430313
taste_x_near,0.36163126298533965
low_x_away,0.36155361304686234
communication_x_arousal,0.3611039562189015
loud_x_lowerlimb,0.3605812426000429
weight_x_lowerlimb,0.36034542461074714
pleasant_x_disgusted,0.36026002403849394
dark_x_motion,0.3602494342630044
pattern_x_lowerlimb,0.36018908967754876
temperature_x_scene,0.359493581780478
high_x_pleasant,0.35935026059740527
number_x_social,0.3592563203304212
motion_x_number,0.3586196424681507
face_x_communication,0.3583848877345072
complexity_x_pleasant,0.35820433429417764
high_x_landmark,0.35815818411664146
face_x_time,0.3580859638255705
pain_x_benefit,0.3575497994341626
large_x_loud,0.35731496825324427
upperlimb_x_sad,0.3572732047548901
smell_x_self,0.3569394091702731
low_x_path,0.3568222332643763
large_x_lowerlimb,0.3567171757931099
large_x_time,0.3560289474356394
pattern_x_low,0.35589351828263593
biomotion_x_head,0.35571309537598095
sound_x_long,0.35566604492789294
dark_x_large,0.35546780465109834
complexity_x_happy,0.355316373342815
bright_x_slow,0.3551272270232018
color_x_long,0.3547621914614743
high_x_duration,0.35452050010966646
landmark_x_long,0.3543906837672639
audition_x_number,0.35420182460474064
bright_x_short,0.35389461458340704
temperature_x_angry,0.35363123357045845
large_x_cognition,0.35320512622999656
number_x_drive,0.35306738710066404
loud_x_time,0.35283089234646114
sound_x_head,0.3522905324400506
bright_x_low,0.35201839094117177
color_x_time,0.3519534518692829
speech_x_toward,0.3518326382443643
sound_x_smell,0.35154972272465723
high_x_lowerlimb,0.3511641105162009
happy_x_arousal,0.35102197944555963
temperature_x_sound,0.35084877969464096
surprised_x_needs,0.3507561623617773
shape_x_time,0.3506656889033209
low_x_number,0.3506012672411094
taste_x_upperlimb,0.3501933818332146
dark_x_disgusted,0.349877412999764
large_sq,0.34984384022649423
dark_x_smell,0.3498078086827098
social_sq,0.34970791941869434
temperature_x_short,0.3496311920329132
small_x_sound,0.3492547201603941
temperature_x_head,0.3486992779018167
dark_x_unpleasant,0.34866501588323007
bright_x_loud,0.3484767610654135
time_x_pleasant,0.34838466415774727
shape_x_lowerlimb,0.3482827623779561
high_x_surprised,0.3482769982726131
lowerlimb_x_harm,0.3480045637118526
temperature_x_lowerlimb,0.3479246357675588
biomotion_x_temperature,0.3476547373239496
communication,0.347365987481773
number_x_attention,0.34662388819382906
dark_x_fast,0.3462388673759505
bright_x_fast,0.34519624727366444
high_x_short,0.34515018681747417
color_x_duration,0.34509160523280485
face_x_cognition,0.3446915817869171
number_x_short,0.3446261124651723
music_x_fearful,0.3444288978379461
bright_x_angry,0.3442259373471397
time_x_happy,0.344215440461728
smell_x_lowerlimb,0.3441498026631737
low_x_social,0.34401760999417547
pain_x_short,0.3440020364884277
low_x_landmark,0.3437612504434361
attention,0.3436548643117382
number,0.34353969163265424
high_x_path,0.3433163550576205
number_x_arousal,0.3432711347387086
touch_x_sound,0.34311319391052253
audition_x_caused,0.3422116268290864
social_x_pleasant,0.34158992809640953
pattern_x_high,0.3414250802943045
weight_x_high,0.3412725684880448
dark_x_temperature,0.3412499992616549
high_x_upperlimb,0.3412420400929822
number_x_surprised,0.34121789420060117
low_x_short,0.3411892198745878
sound_x_time,0.3410407260325835
smell_x_short,0.3407376714151556
color_x_unpleasant,0.3405749318099025
dark_x_toward,0.3404488723599378
low_x_happy,0.3396876190023093
smell_x_landmark,0.339239769718121
color_x_high,0.3392284889070036
dark_x_cognition,0.33830750931624676
pattern_x_number,0.33829611051551206
pattern_x_time,0.3376779765590983
large_x_weight,0.3375876364393048
cognition_x_benefit,0.3372622242709944
slow_x_head,0.3367711941984942
color_x_disgusted,0.3366858277223817
fast_x_harm,0.3362021149420862
communication_x_pleasant,0.33617651013654476
away_x_fearful,0.3358725307207396
temperature_x_audition,0.3351681834273346
shape_x_speech,0.33515976357521315
high_sq,0.33509538373304076
dark_x_drive,0.33460872394433394
communication_sq,0.33443471172494377
small_sq,0.33400908776661736
human_x_fearful,0.3339099175706209
color_x_taste,0.33379096730196883
smell_x_harm,0.3333311450022121
texture_x_communication,0.3332630780542149
temperature,0.3329353953328936
texture_x_high,0.3327471665068823
small_x_taste,0.332701814344322
audition_x_smell,0.33261882494950534
consequential_x_cognition,0.33248200221956853
vision_x_attention,0.3321773221050665
path_x_number,0.3319881994743715
slow_x_pain,0.33191074913950214
taste_x_head,0.3314657325764737
scene_x_number,0.3310524072251651
bright_x_biomotion,0.3306880402222169
complexity_x_surprised,0.3300284491802759
bright_x_landmark,0.32965766014899434
cognition_x_drive,0.3295114375807766
pattern_x_taste,0.3292179908424038
bright_x_consequential,0.3291963790718108
pleasant_x_happy,0.32902240917087733
social_x_happy,0.3286830325820683
upperlimb_x_disgusted,0.3284432031403864
pleasant_x_unpleasant,0.3283752673198614
biomotion_x_low,0.3281106648421056
temperature_x_low,0.3280739704554401
long_x_needs,0.3276284164296815
vision_x_communication,0.327508303714473
human_x_sad,0.3273671453866308
bright_x_long,0.3273378090485738
time_x_consequential,0.3272459780528913
pleasant_x_fearful,0.32701531581158866
audition_x_time,0.32697534463485944
body_x_harm,0.32660335482486225
needs_x_attention,0.3253121051089725
sound_x_duration,0.32514042622818473
touch_x_audition,0.3246415675542355
dark_x_body,0.3246303977043906
low_x_upperlimb,0.32429686533471913
temperature_x_high,0.3239067966403867
color_x_pain,0.32308425921439393
biomotion_x_angry,0.32296278345071233
smell_x_away,0.3228654946924105
weight_x_duration,0.3227742206316961
temperature_x_smell,0.3227733439087778
large_x_low,0.32219203459880513
happy_x_angry,0.3220116490782637
large_x_practice,0.3213605334019079
harm_x_drive,0.32135683825868816
pattern_x_sad,0.32113771544594916
cognition_x_pleasant,0.3208530552562855
weight_x_taste,0.3208426996185705
pain_x_taste,0.3206013495998807
loud_x_smell,0.3202759752105018
taste_x_toward,0.3202586357259256
number_x_benefit,0.320241686003858
complexity_x_temperature,0.31974447790759336
bright_x_speech,0.3196901182746984
slow_x_complexity,0.3195698116567176
complexity_x_number,0.3191975714433527
number_x_consequential,0.31916362043411894
smell_x_practice,0.3188311601944353
shape_x_taste,0.3183572220315835
loud_x_head,0.31833517583026893
time_x_social,0.3182189933858285
lowerlimb_x_needs,0.31785198816644883
sad_sq,0.3178414343885699
social_x_arousal,0.3175300644011532
color_x_fearful,0.31747012382634765
attention_sq,0.3171104508675916
taste_x_benefit,0.31702921975908815
near_x_number,0.31641963379858135
speech_x_communication,0.3163979307282601
dark_x_sound,0.3161525677128777
number_x_harm,0.3159106292082324
smell_x_cognition,0.3156755916970975
large_x_number,0.31557857057577127
weight_x_communication,0.31532720677441123
low_x_pleasant,0.3150829629334682
head_x_time,0.31505459237483885
path_x_fearful,0.3149818924646973
high_x_needs,0.31488015012234666
audition_x_needs,0.3145572206301587
upperlimb_x_harm,0.3144000527140786
dark_x_loud,0.31417310947778626
biomotion_x_high,0.3140739760892971
large_x_caused,0.3140371724223551
audition_x_communication,0.313835382441007
taste_x_away,0.3137180103529105
lowerlimb_x_disgusted,0.3136471180884192
smell_x_needs,0.3136256019850885
color_x_landmark,0.31337287199767433
slow_x_weight,0.3133174556304155
sound_x_communication,0.3128535536064394
complexity_x_low,0.31285089671634253
audition_x_harm,0.3126010287538468
body_x_angry,0.31248191102629025
large_x_long,0.3124035897817273
dark_sq,0.3123883682343185
pain_x_time,0.31225502702294344
vision_x_slow,0.31187427055233446
social_x_needs,0.31185283166087574
shape_x_music,0.31174895813200676
weight_x_harm,0.31171477000615383
lowerlimb_x_fearful,0.3113135696876468
sound_x_harm,0.3112541689474799
pattern_x_body,0.3111845371831895
color_x_biomotion,0.31012936168917205
large_x_slow,0.3101129737455422
number_x_communication,0.31005031820231327
pain_x_disgusted,0.3095589985409615
bright_x_arousal,0.30927861980128
high_x_harm,0.3086701324669147
temperature_x_landmark,0.30864784003112006
touch_x_high,0.30815016574961374
pain_x_upperlimb,0.3076370986360345
audition_x_human,0.3076220876832641
caused_x_communication,0.3073353188519226
head_x_communication,0.30717449519294726
duration_x_caused,0.30715679651227823
landmark_x_number,0.3069961691347622
bright_x_taste,0.3065867943610337
taste_x_pleasant,0.30610898063928615
high_x_time,0.3058595791721879
texture_x_taste,0.3057984362447899
vision_x_taste,0.3056513355570454
taste_x_happy,0.3054737112952003
complexity_x_angry,0.30537551413715147
color_x_speech,0.3050323203839933
touch_x_communication,0.30459696238024647
texture_x_low,0.3041799913209163
sound_x_human,0.30398535427678275
complexity_x_unpleasant,0.3036834571558353
human_x_disgusted,0.3032939350084105
weight_x_music,0.3029151603942879
touch_x_pain,0.30283868527607066
pattern_x_communication,0.30280842099216726
large_x_harm,0.30254721772967874
social_x_cognition,0.3024174592768139
low_x_smell,0.30188548027531137
sad_x_drive,0.3018127201272863
touch_x_fearful,0.30128562348782884
vision_x_caused,0.3010608695038849
high_x_smell,0.3005970609129905
high_x_number,0.30030627847273794
dark_x_number,0.29986636342105766
dark_x_lowerlimb,0.29929868343890703
small_x_lowerlimb,0.2992950769101212
slow_x_disgusted,0.29898221391411806
short_x_disgusted,0.2988097402876516
arousal_sq,0.29862013102744495
complexity_x_disgusted,0.2979452360856942
long_x_caused,0.2965553098257476
motion_x_angry,0.2962965175937548
time_x_attention,0.2962016237641716
toward_x_unpleasant,0.2961670086843136
toward_x_disgusted,0.2958434752249261
pain_sq,0.29568341223112393
needs_x_arousal,0.29558555251822166
happy_x_sad,0.29491513516528056
vision_x_music,0.2944357678760347
taste_x_smell,0.29349558408433624
smell_x_social,0.29321080127501203
low,0.29320265677765134
touch_sq,0.29286300151172917
high_x_caused,0.2925434469912339
away_x_number,0.2923848982103405
communication_x_attention,0.29227885128129943
complexity_x_needs,0.29205101738470773
pattern_x_angry,0.2918978763456511
communication_x_happy,0.2918033147639533
speech_x_landmark,0.29140265977698676
taste_x_path,0.29135219742251417
temperature_x_unpleasant,0.2912865619670114
motion_x_fearful,0.2912202053090405
color_x_music,0.29101860634939436
cognition_x_arousal,0.29080581163178365
pain_x_unpleasant,0.2903883777652877
dark_x_pleasant,0.2899588035049083
face_x_unpleasant,0.2898378995869319
harm_x_surprised,0.28969910732106235
pattern_x_music,0.28955770720215124
fast_x_disgusted,0.28936486738414874
number_x_pleasant,0.289288894045604
dark_x_short,0.2890314363782369
high_x_communication,0.2890112267433068
body_x_head,0.2884877333687822
fast_x_unpleasant,0.2883166455122811
bright_x_body,0.28752738304815345
face_x_temperature,0.28733353830943453
bright_x_high,0.2872036045254046
dark_x_speech,0.28680057942151627
fast_x_music,0.28629503664366807
face_x_pain,0.2859050469753205
bright_x_needs,0.2852140565687788
small_x_low,0.28510982779037847
temperature_sq,0.2844993709040437
time_x_communication,0.2841769836260228
weight_x_speech,0.28411602547601317
caused_sq,0.2841158807327228
time_x_arousal,0.2838639107718999
head_x_lowerlimb,0.28360957383632435
fearful_x_drive,0.28339693714857817
smell_x_disgusted,0.2833327510506358
biomotion_x_face,0.2831480598755179
short_x_fearful,0.28296014276963144
angry_sq,0.28228032909946055
taste_x_drive,0.28218718828794803
taste_x_scene,0.28214110422942884
sound_x_caused,0.28198171195817895
pain_x_cognition,0.2819263354598738
high_x_human,0.2817548306063944
motion_x_music,0.2814633477487633
caused_x_needs,0.28134323233865455
biomotion_x_smell,0.281254355772901
dark_x_high,0.2812130168445278
time_x_needs,0.28113665524514575
taste_x_landmark,0.2808633573393582
complexity_x_social,0.2806049585206566
short_x_sad,0.28043872496766453
smell_x_human,0.2803640532947333
time_x_caused,0.28035825618336685
dark_x_scene,0.2799751827936629
taste_sq,0.2799719399605814
caused_x_attention,0.27983919656515155
smell_x_arousal,0.2797813488602362
taste_x_short,0.2795306186332643
loud_x_communication,0.2794727102643076
dark_x_fearful,0.2779202458737467
bright_x_harm,0.27704063269791396
loud_x_sad,0.2766725876565361
slow_x_temperature,0.2759857125538297
high_x_head,0.2753983930862472
upperlimb_x_fearful,0.27475825561365474
slow_x_smell,0.2743243420681497
caused_x_happy,0.27405949198647117
number_x_happy,0.27328748319580554
shape_x_face,0.2731941528204518
small_x_high,0.2727285463495119
scene_x_caused,0.2715706368139646
motion_x_taste,0.27108250456086486
fearful_x_surprised,0.2710622808138226
low_x_lowerlimb,0.27033746078682214
touch_x_temperature,0.2697134242212618
smell_x_long,0.2695643914465044
sad_x_surprised,0.26945044616965297
bright_x_music,0.26937806903086936
music_x_unpleasant,0.26820673573057113
number_x_needs,0.26817700143363526
toward_x_sad,0.26728452433783517
number_sq,0.26672227215025596
fast_x_face,0.2666566160457183
body_x_loud,0.26613228034909886
fast_x_fearful,0.266035308133939
dark_x_biomotion,0.26596256014741854
smell_x_unpleasant,0.2656234444829721
happy_sq,0.2656105214124428
speech_x_cognition,0.26554644920051035
face_x_head,0.26498662488542796
small_x_disgusted,0.26470855538351873
biomotion_x_harm,0.26465052420436386
temperature_x_practice,0.2645946220155065
smell_x_surprised,0.26404437490621047
dark_x_audition,0.2640071205654857
shape_x_cognition,0.2631880589715339
pain,0.26318734312553577
unpleasant,0.2631367545235163
body_x_sad,0.26243417386953416
fast_x_sad,0.2619241411859521
music_x_scene,0.26176715788030713
landmark_x_fearful,0.26131118466525677
fast_x_pain,0.26080048670946776
landmark_x_angry,0.26078885354956205
high_x_practice,0.26066716409901264
small_x_angry,0.26022567131373864
sound_x_music,0.26007403014997516
loud_x_music,0.25979029204558396
dark_x_caused,0.2597631077728046
biomotion_x_speech,0.25958459654427823
dark_x_landmark,0.25952552768404435
vision_x_body,0.25937572414333293
music_x_number,0.2587383391922214
motion_x_face,0.258432442540967
temperature_x_communication,0.2577283954865884
biomotion_x_number,0.2575112355940065
audition_x_music,0.2571320865741912
taste_x_lowerlimb,0.2569010572261979
bright_x_duration,0.25690011648335914
loud_x_harm,0.2567819468363252
temperature_x_social,0.25599038061417306
high_x_music,0.2556968172885676
large_x_fearful,0.2553578805842915
low_x_time,0.25487416443492394
low_x_long,0.254701170206887
low_x_head,0.2542856893460524
disgusted_x_drive,0.254126228162895
complexity_x_music,0.2540027093053674
low_sq,0.2539483551694904
duration_x_harm,0.253885144035914
complexity_x_attention,0.25383175706417455
dark_x_complexity,0.2536000466879526
time_x_disgusted,0.25280933696815616
complexity_sq,0.25265499722040424
low_x_communication,0.2520397025035319
low_x_needs,0.25194161306139795
music_x_speech,0.2512680044870598
large_x_music,0.2508791811427029
texture_x_music,0.25043216519583356
touch_x_harm,0.24999047762312865
smell_x_fearful,0.24945253120442046
temperature_x_needs,0.2494204650079599
color_x_communication,0.24904895592174892
dark_x_head,0.24876329196567162
weight_x_sad,0.24869960663511279
music_x_sad,0.24851623705865372
music_x_short,0.24847061952370586
long_x_cognition,0.2479250854932794
communication_x_needs,0.24776910638727354
complexity_x_arousal,0.24757790050456044
duration_x_angry,0.24710303479455412
low_x_human,0.24677209056780378
large_x_taste,0.24666481727882084
toward_x_harm,0.24621670768698217
landmark_x_unpleasant,0.2460813006005747
temperature_x_music,0.245781363493984
motion_x_speech,0.24543622874514712
speech_x_social,0.2452066820301899
long,0.24510099330106447
pattern_x_long,0.24473854066699136
music,0.24461618885798384
low_x_duration,0.24429315718151015
large_x_disgusted,0.2442575885359374
loud_x_angry,0.24384507147649281
audition_x_fearful,0.24365628232768982
touch_x_low,0.24362950870106062
small_x_number,0.243527249958714
time_sq,0.24315349321072932
cognition_x_surprised,0.24286508658606795
taste_x_unpleasant,0.24285748978113733
taste_x_number,0.24273491081650983
body_x_audition,0.24241609109921852
scene_x_sad,0.24167510311256457
music_x_smell,0.2416564152456047
dark_x_low,0.24150746584140592
dark_x_taste,0.24114401021376244
face_x_sad,0.2411389456714911
temperature_x_attention,0.24105782334403505
biomotion_x_taste,0.24084073106497053
face_x_social,0.2408280766513012
pain_x_sad,0.24071799525946583
loud_x_fearful,0.24058736027242816
large_x_duration,0.24022173153023427
pain_x_speech,0.239148568757878
taste_x_practice,0.2386600110154902
time,0.2383647414040053
touch_x_number,0.23758953770761254
high_x_cognition,0.237516172602376
high_x_fearful,0.2375107709960232
face_x_benefit,0.23734426365580388
vision_x_harm,0.23697861477313503
music_x_near,0.236973031972815
temperature_x_arousal,0.2369538886748075
music_x_away,0.236842680693577
face_x_human,0.2365123603830766
sound_x_practice,0.2360192437292682
face_x_upperlimb,0.23595247361113442
landmark_x_disgusted,0.23528806725159881
weight_x_cognition,0.2352358021466985
low_x_harm,0.23518290965580346
dark_x_music,0.23517173096846872
unpleasant_x_surprised,0.2347463929153724
vision_x_pain,0.23385572984880765
high_x_sad,0.23349082728253187
shape_x_self,0.23345146669522795
low_x_music,0.23317570057415257
music_x_upperlimb,0.23298086604775942
number_x_fearful,0.23258593961764112
dark_x_surprised,0.23144189411822383
music_x_attention,0.2309343110559598
cognition_x_needs,0.23084995445410028
face_x_needs,0.23050659933053472
smell_x_communication,0.23003983272755943
temperature_x_speech,0.22944354732143668
dark_x_away,0.2294348164197759
caused_x_cognition,0.22871815607720367
bright_x_cognition,0.22852087184884307
face_x_music,0.2281064759324953
loud_x_unpleasant,0.22799889935744766
music_x_human,0.22774284246134954
motion_x_pain,0.22768263104423997
long_x_harm,0.22709337302165636
bright_x_sad,0.22708739541550702
speech_x_head,0.22616674357126218
dark,0.22611284584723212
touch_x_taste,0.22573866334366785
bright_x_social,0.22538852179816826
speech_x_near,0.22495955241550372
pain_x_angry,0.22447120478585167
fast_x_taste,0.2243364637366385
motion_x_disgusted,0.22423581525389077
caused_x_pleasant,0.22415249948741323
speech_x_human,0.22409846797383406
harm_x_needs,0.22390602859014475
biomotion_x_sad,0.2238144208429631
bright_x_practice,0.2231836229615985
music_sq,0.2230546662157018
bright_x_pain,0.22296610544137138
face_x_long,0.22265454135846954
bright_x_disgusted,0.22258320805033593
music_x_disgusted,0.22248474088584008
body_x_high,0.22213060760498088
bright_x_time,0.22212520992972853
taste_x_needs,0.22196016023217868
duration_x_long,0.22152182877883297
number_x_sad,0.2214886765191485
speech_x_upperlimb,0.22120975171013574
pain_x_landmark,0.2212000804036511
shape_x_long,0.22101790092269638
long_x_angry,0.22082096281493177
face_x_consequential,0.22049242055595744
music_x_harm,0.22012047542033966
small_x_unpleasant,0.22003430108586175
bright_x_caused,0.21980893728357412
speech_x_benefit,0.21971027258311226
bright_x_unpleasant,0.21967748425947203
temperature_x_surprised,0.21951458424248815
cognition_sq,0.21930302170501756
face_x_loud,0.21910606877402897
number_x_disgusted,0.2188681254039524
large_x_sad,0.21886528961009094
face_x_touch,0.21809944846952165
music_x_pleasant,0.21769325502124226
duration_sq,0.21719189855290466
texture_x_fearful,0.21679647320360315
pain_x_toward,0.21674111466089854
sound_x_fearful,0.21639949156725205
unpleasant_x_disgusted,0.21633500292054028
disgusted_x_surprised,0.21602406560443763
color_x_human,0.21575641106253582
music_x_benefit,0.21559762107418576
unpleasant_x_needs,0.21492295833461575
pain_x_loud,0.214902901289271
dark_x_slow,0.21434950658578142
unpleasant_x_drive,0.21382006767251907
temperature_x_taste,0.21322552388273297
pain_x_music,0.21286927736926733
small_x_music,0.2128132140700928
bright_x_surprised,0.21231023136679425
pain_x_smell,0.21217822608583986
smell_x_caused,0.21179753272972343
consequential_x_harm,0.21176820733995289
fast_x_speech,0.21048570111407033
large_x_unpleasant,0.2104425267691052
slow_x_harm,0.2101925299878535
shape_x_fearful,0.2098992300830533
cognition_x_attention,0.20956504591742328
vision_x_time,0.2089256253845057
disgusted_sq,0.20885926107052116
slow_x_low,0.2087600158331243
touch_x_music,0.2085594591976288
high_x_unpleasant,0.20835067489103593
taste,0.20745563297926117
motion_x_unpleasant,0.20694015008828423
bright_x_fearful,0.20691022672658319
biomotion_x_fearful,0.20601997587433524
body_x_speech,0.20594761814047768
unpleasant_x_sad,0.20571119714142325
pleasant_x_angry,0.20551062387443958
large_x_angry,0.2049363495817961
shape_x_pain,0.20380092072485786
music_x_surprised,0.2030868607857169
speech_x_unpleasant,0.20303418197763337
unpleasant_sq,0.2029279142026348
large_x_pain,0.20233699132478997
number_x_human,0.20223658089551738
music_x_landmark,0.20214645284030433
body_x_fearful,0.20204301659512564
pattern_x_speech,0.20195896282786632
face_x_body,0.2017332178938602
taste_x_consequential,0.20166314897198126
shape_x_caused,0.20159287212793756
taste_x_social,0.2013955397538202
small_x_pain,0.2004124032433468
high_x_speech,0.1991062253773155
disgusted,0.19888022842100597
time_x_unpleasant,0.19835943528177077
music_x_toward,0.1983463569103259
temperature_x_time,0.1982134751528465
body_x_sound,0.19785888006453842
music_x_happy,0.1977265873861395
sad_x_needs,0.19751651831752448
consequential_x_angry,0.19749459515847909
texture_x_pain,0.19574010992242138
number_x_time,0.19568403743597998
music_x_path,0.19561154125103158
temperature_x_pain,0.19552898677056776
dark_x_pain,0.1953233289692585
time_x_duration,0.19531124835749392
high_x_disgusted,0.19495328502000592
cognition_x_happy,0.19408865409223303
complexity_x_pain,0.19356779270750935
loud_x_disgusted,0.19345907987047156
angry,0.19291330102179774
complexity_x_time,0.19224919013227398
taste_x_duration,0.19170412265566533
time_x_sad,0.19083117212954057
caused_x_harm,0.18980163485641843
consequential_x_fearful,0.18962434693849348
temperature_x_harm,0.1888944860096517
loud_x_taste,0.188882411037207
music_x_cognition,0.18873576491524496
toward_x_fearful,0.18846540546296903
vision_x_speech,0.18840129412046852
pain_x_high,0.18827825192122336
low_x_sad,0.18808840355013015
angry_x_attention,0.18806087378651018
low_x_practice,0.18714357292188855
speech_x_surprised,0.1871394977130309
taste_x_attention,0.1870941968241467
face_x_weight,0.1858848662230321
angry_x_surprised,0.18584657634539556
taste_x_communication,0.18487677904864475
harm_x_attention,0.18467571292098175
smell_x_angry,0.18438213757419977
biomotion_x_disgusted,0.1842744320314731
slow_x_face,0.18419179721526605
pain_x_duration,0.18403425453894942
body_x_disgusted,0.1836705745831674
face,0.18319355056047593
face_x_lowerlimb,0.18317062621235594
audition_x_unpleasant,0.1828622112992043
music_x_arousal,0.1826522781777292
pain_x_number,0.18189413686107886
music_x_head,0.18154695056545445
temperature_x_duration,0.1810597872890293
caused_x_angry,0.18099763133553776
weight_x_fearful,0.18058931076884477
temperature_x_consequential,0.18032398450956477
number_x_angry,0.18004735587461482
large_x_speech,0.17966502094888304
loud_x_cognition,0.17927532827938603
face_x_arousal,0.17849837674768143
consequential_x_unpleasant,0.17819812727342116
texture_x_disgusted,0.17801109608716506
angry_x_arousal,0.17793472503003016
head_x_harm,0.17754480572005438
dark_x_consequential,0.1774965547954961
loud_x_speech,0.1774113883902242
small_x_fearful,0.1767997022015653
head_x_cognition,0.17666645971527414
lowerlimb_x_number,0.17622525763811878
audition_x_speech,0.1758643185401143
pain_x_surprised,0.17570485530813987
pain_x_caused,0.1755132666930915
taste_x_surprised,0.17522771162538442
smell_x_time,0.17513998698169903
low_x_caused,0.17435435974182403
motion_x_sad,0.17400016137700755
pain_x_drive,0.17353211386803438
face_x_high,0.17334727388154553
landmark_x_sad,0.1727567164646748
slow_x_fearful,0.17230711054033948
face_x_caused,0.17211613773829806
low_x_fearful,0.17200103213462548
speech_x_lowerlimb,0.17173367942503337
large_x_face,0.17047600522710324
vision_x_practice,0.1701356466058911
unpleasant_x_arousal,0.16966538933723163
touch_x_speech,0.16944694085913176
face_x_pleasant,0.16890717903462124
pain_x_consequential,0.16883349283240834
speech_x_consequential,0.16879703421250963
complexity_x_long,0.16867338981913582
small_x_sad,0.16812395434017402
vision_x_fearful,0.16706817702433716
time_x_long,0.16698256632158953
shape_x_body,0.16610021415266726
number_x_unpleasant,0.16600574113879635
music_x_time,0.16479144631631892
shape_x_disgusted,0.1646893213362392
speech_x_drive,0.16450338966051478
audition_x_angry,0.16293338578276842
bright_x_communication,0.16181236359779866
high_x_taste,0.1615741051373419
speech_x_time,0.16135394043397233
sad_x_disgusted,0.16026557418906154
vision_x_duration,0.15927915045742966
music_x_long,0.15890823366049153
smell_x_consequential,0.15858849808992884
head_x_fearful,0.15838841591286917
pain_x_sound,0.1582449145704035
music_x_caused,0.15806655153067126
face_x_audition,0.15790429293411293
scene_x_fearful,0.15611790694201738
taste_x_arousal,0.15602121245281703
cognition_x_unpleasant,0.1558257499905552
speech_x_smell,0.155710989438809
music_x_needs,0.15503798769082078
caused_x_unpleasant,0.15358455986557099
communication_x_fearful,0.15340540188411372
pain_x_audition,0.15295013287234352
number_x_caused,0.15277323088219188
head_x_sad,0.15252675990179546
face_x_angry,0.15177046098398292
long_x_sad,0.15170838961260671
biomotion_x_music,0.15163874638487945
face_x_speech,0.1503432017725993
weight_x_caused,0.15030377661565186
face_x_drive,0.15012294427450987
audition_x_sad,0.14991478788093834
audition_x_disgusted,0.14988039262474992
duration_x_sad,0.14936925944854643
communication_x_unpleasant,0.14916119276881862
color_x_body,0.14881099492352004
smell_x_duration,0.14765014466706927
sound_x_sad,0.1471568881205034
duration_x_unpleasant,0.1465615595826038
dark_x_attention,0.14645544538764277
sound_x_unpleasant,0.1454776160135091
low_x_taste,0.14540771009589945
small_x_face,0.1453224198610249
pattern_x_duration,0.14503557611032536
complexity_x_taste,0.14494940321449298
taste_x_disgusted,0.14491541819366324
speech_x_arousal,0.14477397827768565
number_x_long,0.14458209330595415
cognition_x_angry,0.14402494810060368
fearful_x_attention,0.14396083626478132
music_x_communication,0.14368668021851302
face_x_surprised,0.14289382531744355
social_x_sad,0.14218542097847975
pain_x_arousal,0.14163939586157828
unpleasant_x_angry,0.14132043798169966
pain_x_scene,0.1413110327235985
music_x_lowerlimb,0.1408114742402528
communication_x_sad,0.14032935882683986
social_x_fearful,0.1388377451827292
music_x_drive,0.13874311104528406
weight_x_disgusted,0.13805818008807974
pattern_x_face,0.13780042826206346
speech_sq,0.137518601525779
taste_x_time,0.13747578161607504
social_x_harm,0.13700123484028467
pain_x_harm,0.1368470947851947
face_sq,0.13601070150668448
high_x_angry,0.13599577001261418
slow_x_taste,0.1357355842052581
face_x_happy,0.13539908422153982
shape_x_unpleasant,0.1352162010643538
texture_x_unpleasant,0.13492090324390715
body_x_music,0.13458976256805397
temperature_x_long,0.13356400298240848
speech_x_number,0.13318371483674935
fearful_x_arousal,0.13260393896302303
time_x_angry,0.13256331924197737
music_x_taste,0.13209629574413026
texture_x_speech,0.1318199040026488
number_x_cognition,0.13124982020857479
fearful_x_needs,0.1312000140413029
sound_x_speech,0.1311187654734113
shape_x_angry,0.12946115053808874
number_x_self,0.1287691010948812
speech_x_scene,0.1286311399250363
sound_x_taste,0.12816395213286724
harm,0.12785399585549884
taste_x_long,0.12719870770978964
body_x_smell,0.12672995825105937
pattern_x_pain,0.12664135301858243
caused_x_fearful,0.12424640104007593
texture_x_sad,0.12309943918849049
pain_x_low,0.12303337815818163
speech_x_sad,0.12253537510104398
shape_x_duration,0.1223042083881012
pain_x_social,0.12100423132140752
low_x_unpleasant,0.12056149732441099
small_x_speech,0.12008303430472111
angry_x_drive,0.11997726570817867
audition_x_taste,0.11990899696882043
face_x_disgusted,0.11931682825953298
harm_x_disgusted,0.11888628300095291
harm_x_angry,0.11861981868305675
unpleasant_x_attention,0.11861883072015934
long_x_disgusted,0.11852517312898918
temperature_x_fearful,0.11819852467721484
taste_x_harm,0.11731381900971344
face_x_number,0.11730937631032347
speech,0.11720252552699152
complexity_x_harm,0.11714959665591897
music_x_duration,0.11708763950210409
harm_x_arousal,0.1170108349199071
social_x_unpleasant,0.11596459527395055
long_x_fearful,0.11579267661709854
vision_x_face,0.11447986543872994
slow_x_music,0.11441629956768383
cognition_x_harm,0.1137088532235267
scene_x_disgusted,0.11354141421758746
duration_x_disgusted,0.11324093795950323
head_x_disgusted,0.11169358512163549
sound_x_angry,0.11151724087691464
shape_x_sad,0.11006752200852966
speech_x_harm,0.1095299469891472
face_x_texture,0.1078374377744542
face_x_sound,0.10762959458935475
time_x_fearful,0.10714430500299642
speech_x_long,0.1065286944773238
consequential_x_sad,0.10640899199546368
duration_x_fearful,0.10631597796933337
pain_x_head,0.10600111557626693
body_x_number,0.10594151247924835
practice_x_number,0.10571388466120683
pain_x_communication,0.10563703567638126
weight_x_pain,0.10525053330042197
number_x_duration,0.10505053300693697
slow_x_number,0.10486630558738629
sound_x_disgusted,0.1033466794656861
audition_x_cognition,0.102803299177044
music_x_social,0.10209731493307712
harm_x_unpleasant,0.10188667174077433
disgusted_x_arousal,0.1016506816748788
sad_x_arousal,0.09903935970842614
music_x_practice,0.09860496141151685
cognition_x_sad,0.09851912209650454
dark_x_communication,0.09479525990782628
pattern_x_fearful,0.09469546983415923
long_sq,0.09469257220091398
consequential_x_disgusted,0.09455916939144009
dark_x_duration,0.09413933050241372
disgusted_x_needs,0.09351204920842844
angry_x_fearful,0.0927788681901464
angry_x_needs,0.09274473997608336
low_x_angry,0.09154369879506663
caused_x_disgusted,0.08751445942058185
sound_x_cognition,0.08739965288310526
sad_x_fearful,0.08705265602917635
body_x_low,0.08558952273663264
speech_x_angry,0.08433578162133135
speech_x_attention,0.08401317025623238
communication_x_angry,0.08288771269977661
face_x_harm,0.08188159380664238
social_x_disgusted,0.08128202927990204
weight_x_unpleasant,0.08036434936372791
angry_x_disgusted,0.08005110724087967
pain_x_needs,0.07939111270458422
pain_x_attention,0.0791133946097744
low_x_disgusted,0.07790868898051227
disgusted_x_attention,0.07646721320912114
dark_x_arousal,0.07641705690133574
pleasant_x_sad,0.07593363890323906
fearful,0.07585059574461984
harm_sq,0.07557737701194721
harm_x_fearful,0.07553572647897215
pain_x_long,0.07403897632108655
communication_x_disgusted,0.07395269278735797
face_x_smell,0.07332702374860672
dark_x_needs,0.07256584814737742
face_x_fearful,0.07176386410061432
long_x_unpleasant,0.07113995476613087
music_x_consequential,0.07020599288322388
communication_x_harm,0.06978452428991051
speech_x_caused,0.06974213924125197
taste_x_caused,0.06937389170805769
scene_x_unpleasant,0.068728563897305
color_x_cognition,0.06744204505636772
cognition_x_fearful,0.06375152487161725
vision_x_long,0.06330671103170815
sad_x_attention,0.06303949222957275
pattern_x_unpleasant,0.06236547820686028
head_x_unpleasant,0.061887760411932606
cognition_x_disgusted,0.061559402167997906
face_x_scene,0.060846402800915814
disgusted_x_fearful,0.05694920331093732
speech_x_disgusted,0.05672506687612862
complexity_x_face,0.05583503290517691
social_x_angry,0.051468749141594876
fearful_sq,0.05066864469406178
speech_x_needs,0.05019331032834587
low_x_speech,0.04942648753559249
weight_x_angry,0.04940740046168351
unpleasant_x_fearful,0.04917952816723756
face_x_low,0.0478718634176273
slow_x_speech,0.04763593511252633
speech_x_happy,0.04722744468194746
speech_x_pleasant,0.046945196259651836
complexity_x_speech,0.04268292443074445
pattern_x_disgusted,0.042546213247759576
pain_x_fearful,0.04228519838429003
face_x_attention,0.041710257335668584
low_x_cognition,0.03900335012515882
time_x_harm,0.03668401992499154
dark_x_long,0.03599052393004243
dark_x_harm,0.034989650080847555
dark_x_time,0.03485911635209587
sad_x_angry,0.03401784915557254
dark_x_practice,0.03207303023253723
complexity_x_fearful,0.030199745113830143
speech_x_fearful,0.029959210163239124
color_x_self,0.02926610374517517
scene_x_angry,0.0286688894689405
caused_x_sad,0.024780689912804313
harm_x_sad,0.023519746343112928
head_x_angry,0.019110521019438238
temperature_x_caused,0.018573422078566156
dark_x_social,0.016213801406906328
complexity,0.0
